Episode,Steps,Total Reward
0,300,218.45763940079132
1,300,244.63858645812786
2,300,230.05594483280086
